municipio,variavel,slope,intercept,r2,p_value,std_err,n
Aquidauana,valor_agropecuaria,0.006663558368984661,1968.5154555463246,0.6460950394797861,0.0016299799863879819,0.0015595572713283277,12
Barão de Melgaço,valor_agropecuaria,0.00777274984920075,903.7912743734255,0.19501691399499643,0.15064984888127947,0.004993809011887523,12
Corumbá,valor_agropecuaria,0.006557684770220484,3925.1947197904256,0.8020113098993897,8.196586638992221e-05,0.0010303398116259287,12
Coxim,valor_agropecuaria,0.0005983541846383764,946.741625157582,0.8407294175338915,2.708984562822868e-05,8.235652147734648e-05,12
Cáceres,valor_agropecuaria,0.0018352558925997086,3094.0819167594836,0.5693292891060625,0.004567879982161096,0.0005047630227705155,12
Itiquira,valor_agropecuaria,0.00012202406539701621,237.38934334548685,0.43702848664701477,0.019244969123801862,4.379593744514827e-05,12
Ladário,valor_agropecuaria,0.000771617899627923,114.96411755929573,0.7539940881381879,0.0002488534907499845,0.00013937699450712162,12
Miranda,valor_agropecuaria,0.00023756671283302463,190.06072623584947,0.7165703996735289,0.0005155365228677392,4.724749182486977e-05,12
Nossa Senhora do Livramento,valor_agropecuaria,0.0027107020517821152,164.04156269878936,0.5013095528539613,0.009977970537713293,0.0008549570910987846,12
Poconé,valor_agropecuaria,0.002643455480286684,931.1308890102757,0.3055119525165373,0.06234886450743091,0.0012603474458306597,12
Porto Esperidião,valor_agropecuaria,0.0006136610803951651,503.0730958930117,0.3678850337277185,0.03653017381865492,0.0002543727333638541,12
Porto Murtinho,valor_agropecuaria,0.002358983861241561,3192.2352176387317,0.5936656056783525,0.0033606849381040485,0.0006171572253812122,12
Rio Verde de Mato Grosso,valor_agropecuaria,0.0033303592204552875,2176.059416694842,0.8634634431537802,1.2406515320971416e-05,0.00041878737019034143,12
Santo Antônio do Leverger,valor_agropecuaria,0.0008566848084598348,1890.1787370668787,0.4114313933520378,0.024567637085776514,0.00032401931480695187,12
Sonora,valor_agropecuaria,0.0002492793202615736,437.452350040758,0.6788904518560761,0.0009830581003391799,5.421419470227951e-05,12
Aquidauana,pib_per_capita,0.06803007493178069,1694.3017314168892,0.9793449648968661,9.332583594573394e-10,0.003124252101345406,12
Barão de Melgaço,pib_per_capita,0.04565891038140009,622.4450366780192,0.7692773911801217,0.00017913161711502368,0.007907316741355712,12
Corumbá,pib_per_capita,0.14930180493161915,2127.4286870511814,0.5954051489596386,0.003285655124479269,0.038919651318482906,12
Coxim,pib_per_capita,0.005717940082364915,890.3270455826266,0.9437946405160161,1.4138943984536117e-07,0.00044125507325661284,12
Cáceres,pib_per_capita,0.028149960000985977,2872.7533588436268,0.9710581381556502,5.058679207098941e-09,0.0015368037053341745,12
Itiquira,pib_per_capita,0.0014118284804705025,172.61822267112157,0.5440288005184423,0.006182953990909164,0.0004087329962162269,12
Ladário,pib_per_capita,0.00042467276898512304,114.5333407175474,0.6454317724094574,0.0016459717704959253,9.953576345355962e-05,12
Miranda,pib_per_capita,0.0020497117393861366,176.95791308318803,0.8973594234909655,2.931921068521286e-06,0.0002192144185397599,12
Nossa Senhora do Livramento,pib_per_capita,0.0056578312329733415,178.10983537640874,0.974640895518004,2.608617328663893e-09,0.0002885988725782909,12
Poconé,pib_per_capita,0.02521273045319243,739.885895487126,0.9747624991955516,2.546537282363869e-09,0.0012829024879064351,12
Porto Esperidião,pib_per_capita,0.004389366874888435,466.1758106269728,0.8304695921062039,3.719926878406466e-05,0.0006271390123111231,12
Porto Murtinho,pib_per_capita,0.027695003705493423,2964.6975231635624,0.8941079443213039,3.431791813990392e-06,0.00301396455373313,12
Rio Verde de Mato Grosso,pib_per_capita,0.028829344104294427,1986.500313820454,0.9741184756510992,2.8892608728866866e-09,0.0014860170670622898,12
Santo Antônio do Leverger,pib_per_capita,0.012665297975552851,1773.2585870463693,0.722826508127755,0.00045950598764022137,0.002480128728085178,12
Sonora,pib_per_capita,0.00298472829159681,392.21295315109745,0.7864254411165864,0.00012067510831781269,0.00049187050841753,12
Aquidauana,valor_industria,0.015853499366388,1760.713126859672,0.7932909225214959,0.0001021282540449282,0.002559108336725688,12
Barão de Melgaço,valor_industria,0.13949845630386637,822.0709056351764,0.942270608101236,1.6173477461882518e-07,0.010918929725035944,12
Corumbá,valor_industria,-4.376337116539057e-05,5928.035998423016,0.00011392789699282702,0.9737366781863281,0.0012964954235879422,12
Coxim,valor_industria,0.0008014670143171882,973.1450668374554,0.12860668855299784,0.2523271489584144,0.000659722029109545,12
Cáceres,valor_industria,0.002687590487471766,3011.0353032990324,0.8162953401378387,5.5966730961264064e-05,0.0004031805036175055,12
Itiquira,valor_industria,0.0004446826226037483,189.36126581799886,0.8860607537098675,4.967995811510835e-06,5.0426064974957775e-05,12
Ladário,valor_industria,0.00018584976458428746,115.8838260906112,0.2818615460344194,0.07572969539516083,9.380979602149046e-05,12
Miranda,valor_industria,0.0006099569107954647,192.7911785273474,0.5593581912006149,0.005156404807612144,0.00017119733734679714,12
Nossa Senhora do Livramento,valor_industria,0.0009838877125015228,238.40580622010694,0.7355180696848204,0.0003609954459453855,0.00018657217157929995,12
Poconé,valor_industria,0.007877664315881055,802.0638855648713,0.8083577779386157,6.942295300106512e-05,0.0012129454196540632,12
Porto Esperidião,valor_industria,0.0009682571787064608,518.128258334039,0.462498821484442,0.014954464216853819,0.0003300844919378394,12
Porto Murtinho,valor_industria,-0.010275569172032921,3635.183037591218,0.21363162743942343,0.13032172518924137,0.006234277528623896,12
Rio Verde de Mato Grosso,valor_industria,0.01642769034276627,2160.5818479304658,0.7377811775338182,0.00034538917286161205,0.0030970245908116412,12
Santo Antônio do Leverger,valor_industria,0.010008530210141173,1784.6033772829576,0.8093959880297054,6.752766839274716e-05,0.0015358747464518931,12
Sonora,valor_industria,0.0005864478447126199,438.6224742158246,0.8448240247614477,2.373516869201165e-05,7.948011895669084e-05,12
Aquidauana,valor_administracao_publica,0.004447528403917653,1817.5841569080228,0.9658083130842879,1.1667673216561907e-08,0.0002646266170140546,12
Barão de Melgaço,valor_administracao_publica,0.009781941442053164,714.8213167491601,0.9639845003998627,1.5141512476868307e-08,0.0005979085377715952,12
Corumbá,valor_administracao_publica,0.00442296441534855,3012.5774718809153,0.9645196806523071,1.4046227214318889e-08,0.00026825736757913845,12
Coxim,valor_administracao_publica,0.0006380978686251503,918.3904039900306,0.9866374571417623,1.0543342756093033e-10,2.3482971443227116e-05,12
Cáceres,valor_administracao_publica,0.0009643119598314429,2938.774441865108,0.9930847925927317,3.902849102456292e-12,2.5446437667525204e-05,12
Itiquira,valor_administracao_publica,0.0018765377011705426,145.24013232306748,0.9509563018205656,7.129945907136014e-08,0.0001347623635501878,12
Ladário,valor_administracao_publica,4.344420839497311e-05,114.75715477003487,0.9608444964726324,2.3028917008529927e-08,2.7733312250369106e-06,12
Miranda,valor_administracao_publica,0.00020503620004751622,181.1005480647655,0.9470906962282456,1.0436680470932461e-07,1.5325010566626628e-05,12
Nossa Senhora do Livramento,valor_administracao_publica,0.002228886671270371,134.89359448952422,0.9720072018619375,4.28016264958955e-09,0.00011961245438260848,12
Poconé,valor_administracao_publica,0.002408260522491466,729.9675403732015,0.9784320325627727,1.1590084102723412e-09,0.00011306879006982695,12
Porto Esperidião,valor_administracao_publica,0.0011116675989016637,470.5839108955809,0.9689173971511079,7.2341826301995344e-09,6.296370282662665e-05,12
Porto Murtinho,valor_administracao_publica,0.0039810953339177516,3106.9867472067444,0.9481708540436811,9.409523315867584e-08,0.0002943379787590304,12
Rio Verde de Mato Grosso,valor_administracao_publica,0.005214392614385881,2031.9460301204722,0.9833289958590852,3.191157006629944e-10,0.00021470155253521228,12
Santo Antônio do Leverger,valor_administracao_publica,0.006096835240615573,1532.6032491286255,0.9560616760049494,4.106055540832617e-08,0.00041331698007252633,12
Sonora,valor_administracao_publica,0.0007652629942245296,420.78230808880005,0.9245795043744012,6.203884985359474e-07,6.911674428854083e-05,12
