municipio,variavel,coeficiente,std_err,p_value,beta_padronizado,r2,r2_ajustado,n,intercepto
Aquidauana,pib_per_capita,-0.02724532395410173,0.03935966966128602,0.5111043264418224,-0.3963317585212663,0.9943481090046575,0.9911184570073189,12,1752.1456795845422
Aquidauana,valor_administracao_publica,0.005225458445656063,0.001871384941349435,0.02681967751793049,1.1546520679351302,0.9943481090046575,0.9911184570073189,12,1752.1456795845422
Aquidauana,valor_agropecuaria,0.0034478397089357377,0.0017861198069506774,0.09487316988405935,0.41590013777823065,0.9943481090046575,0.9911184570073189,12,1752.1456795845422
Aquidauana,valor_industria,-0.0016482379005282322,0.0013378613942453728,0.2577259013002197,-0.092600002651754,0.9943481090046575,0.9911184570073189,12,1752.1456795845422
Barão de Melgaço,pib_per_capita,-0.023592406352587747,0.014479368442277443,0.14725540846202373,-0.45319820506181124,0.9860504515047394,0.978079280936019,12,789.1916333305164
Barão de Melgaço,valor_administracao_publica,0.009660371392504665,0.0025765369426529227,0.007174144505283499,0.9696249678279487,0.9860504515047394,0.978079280936019,12,789.1916333305164
Barão de Melgaço,valor_agropecuaria,0.0029449846823895835,0.0022306964863181306,0.22829532534907324,0.167318702887601,0.9860504515047394,0.978079280936019,12,789.1916333305164
Barão de Melgaço,valor_industria,0.05294835219820743,0.020071899906140476,0.033523919767100445,0.36844347485959117,0.9860504515047394,0.978079280936019,12,789.1916333305164
Corumbá,pib_per_capita,-0.09213382926870584,0.03604067536319748,0.0377502140757246,-0.47616816514451077,0.9884766569513019,0.981891889494903,12,3650.123231127454
Corumbá,valor_administracao_publica,0.004909512479270042,0.0005970602157909674,7.645327970497922e-05,1.0901354680033637,0.9884766569513019,0.981891889494903,12,3650.123231127454
Corumbá,valor_agropecuaria,0.0023581304041219026,0.0008550339629293467,0.02817961691443704,0.3220383019348243,0.9884766569513019,0.981891889494903,12,3650.123231127454
Corumbá,valor_industria,0.0011997948752715606,0.0004451532363291996,0.030850814946546123,0.29262489706016054,0.9884766569513019,0.981891889494903,12,3650.123231127454
Coxim,pib_per_capita,0.0010338497706010447,0.001760281376703727,0.5754347291112565,0.1756534115095926,0.989213469935985,0.9830497384708337,12,904.6855829659082
Coxim,valor_administracao_publica,0.0005935130727884701,0.0001240081121635291,0.0019981663963081152,0.9238932514213679,0.989213469935985,0.9830497384708337,12,904.6855829659082
Coxim,valor_agropecuaria,-8.382109291524276e-05,0.0001176520073245324,0.49923872010979,-0.12844674655425437,0.989213469935985,0.9830497384708337,12,904.6855829659082
Coxim,valor_industria,0.00011617895481153342,0.00010419680220494543,0.3016633769026246,0.05198446635179671,0.989213469935985,0.9830497384708337,12,904.6855829659082
Cáceres,pib_per_capita,-0.0032250751318770865,0.00697633562190876,0.6579001886014,-0.1128975898212963,0.9951159896977985,0.992325126667969,12,2947.5384069309903
Cáceres,valor_administracao_publica,0.0010362480702322714,0.0002435390217401192,0.0037699819641200515,1.0708763993264745,0.9951159896977985,0.992325126667969,12,2947.5384069309903
Cáceres,valor_agropecuaria,-9.548047432389808e-05,0.00011524605269931312,0.4347268620040845,-0.03925542683816158,0.9951159896977985,0.992325126667969,12,2947.5384069309903
Cáceres,valor_industria,0.0002265856072130243,0.0001883513771798401,0.26808290877484203,0.07617156582361286,0.9951159896977985,0.992325126667969,12,2947.5384069309903
Itiquira,pib_per_capita,-0.00021987880348735105,0.0005963863725909908,0.7232604540023866,-0.11487152117848487,0.9674876985260233,0.9489092405408939,12,159.24478823206312
Itiquira,valor_administracao_publica,0.0015276545570911747,0.0003696426261730028,0.004388628571538408,0.7938677254624079,0.9674876985260233,0.9489092405408939,12,159.24478823206312
Itiquira,valor_agropecuaria,-2.7618517438963156e-06,5.018175622475753e-05,0.9576469096853364,-0.014962692304376383,0.9674876985260233,0.9489092405408939,12,159.24478823206312
Itiquira,valor_industria,0.00014451226808588125,8.659502167594092e-05,0.1390829070101843,0.3059048124465454,0.9674876985260233,0.9489092405408939,12,159.24478823206312
Ladário,pib_per_capita,-9.347831338272702e-05,9.327379088613909e-05,0.3496280677602799,-0.1768404552185264,0.9692544066144139,0.9516854961083646,12,115.1560872057903
Ladário,valor_administracao_publica,5.058458576944673e-05,8.677250557759397e-06,0.0006438381714359885,1.1413342843445224,0.9692544066144139,0.9516854961083646,12,115.1560872057903
Ladário,valor_agropecuaria,-4.022097039784421e-06,0.00012600836896394996,0.9754274648772024,-0.004526205011679793,0.9692544066144139,0.9516854961083646,12,115.1560872057903
Ladário,valor_industria,-2.314585294208721e-06,3.811936618842892e-05,0.9532799017426428,-0.006611942818606155,0.9692544066144139,0.9516854961083646,12,115.1560872057903
Miranda,pib_per_capita,0.0030200376072816726,0.0011114033116776862,0.029881145722889333,1.3957343808994578,0.984531968538278,0.9756930934172939,12,171.23140722170507
Miranda,valor_administracao_publica,5.586321132414239e-05,6.554796391844387e-05,0.42227317683259447,0.26514969900139307,0.984531968538278,0.9756930934172939,12,171.23140722170507
Miranda,valor_agropecuaria,-6.100918159387264e-05,5.5136211693188676e-05,0.3050734713514409,-0.2173897398556695,0.984531968538278,0.9756930934172939,12,171.23140722170507
Miranda,valor_industria,-0.0004488900038721183,0.00010929054780628015,0.004531210518932006,-0.5504093202183459,0.984531968538278,0.9756930934172939,12,171.23140722170507
Nossa Senhora do Livramento,pib_per_capita,0.0065363135128267275,0.0015933995840819043,0.004560873293500931,1.140526029114773,0.9953344111989335,0.9926683604554669,12,176.6329881595694
Nossa Senhora do Livramento,valor_administracao_publica,0.0003404816078505131,0.00045146230887198183,0.47534403188549323,0.15060535404187536,0.9953344111989335,0.9926683604554669,12,176.6329881595694
Nossa Senhora do Livramento,valor_agropecuaria,-0.0006772372780746803,0.0001636124999552144,0.004353111828196025,-0.17689357591107557,0.9953344111989335,0.9926683604554669,12,176.6329881595694
Nossa Senhora do Livramento,valor_industria,-0.00020583349982246368,0.00010882715822908572,0.1004713587431339,-0.17941848904493832,0.9953344111989335,0.9926683604554669,12,176.6329881595694
Poconé,pib_per_capita,0.028820296998979256,0.016378149230484803,0.12185926808311319,1.1285686383210214,0.9866891202321222,0.9790829032219063,12,747.9671641348808
Poconé,valor_administracao_publica,2.6215474105348302e-05,0.0012467364621663425,0.9838107189396621,0.010767616542503706,0.9866891202321222,0.9790829032219063,12,747.9671641348808
Poconé,valor_agropecuaria,-0.0006456942836283522,0.0004683648806699643,0.21045796494448205,-0.13501096574907626,0.9866891202321222,0.9790829032219063,12,747.9671641348808
Poconé,valor_industria,-0.0006195404848180971,0.0012136247326599771,0.6254097313112421,-0.0707088918982438,0.9866891202321222,0.9790829032219063,12,747.9671641348808
Porto Esperidião,pib_per_capita,0.005001274625265839,0.005555594798342148,0.39791268505504707,1.0383426392353898,0.9789418250290278,0.9669085821884723,12,451.64771771518576
Porto Esperidião,valor_administracao_publica,0.0005832644870022545,0.0006804141914501558,0.41970031487602255,0.5164567568457559,0.9789418250290278,0.9669085821884723,12,451.64771771518576
Porto Esperidião,valor_agropecuaria,-0.0003536029482405778,0.0004468892904986245,0.45476586055094415,-0.34949692351050093,0.9789418250290278,0.9669085821884723,12,451.64771771518576
Porto Esperidião,valor_industria,-0.0005520350393170264,0.0004294071844747077,0.23948480130121758,-0.38773163297057817,0.9789418250290278,0.9669085821884723,12,451.64771771518576
Porto Murtinho,pib_per_capita,0.007723433660721896,0.01743648582875154,0.6711694711772943,0.26369625975730987,0.985357486335813,0.9769903356705633,12,3062.6560956363273
Porto Murtinho,valor_administracao_publica,0.0026677412933207925,0.001443865395642028,0.10713769104041276,0.6525058869238118,0.985357486335813,0.9769903356705633,12,3062.6560956363273
Porto Murtinho,valor_agropecuaria,0.0003125275989911587,0.00104864360697847,0.7743315897925754,0.102078516546995,0.985357486335813,0.9769903356705633,12,3062.6560956363273
Porto Murtinho,valor_industria,-0.0010577447980918697,0.002069531237718722,0.6250000902221466,-0.047578175671877235,0.985357486335813,0.9769903356705633,12,3062.6560956363273
Rio Verde de Mato Grosso,pib_per_capita,0.006773080079422289,0.006071796073804492,0.3014619486087626,0.23187682160215944,0.995911532201399,0.9935752648879128,12,2020.7499540438075
Rio Verde de Mato Grosso,valor_administracao_publica,0.003870655191210451,0.0008654846555833809,0.002893132820919265,0.7360887490281908,0.995911532201399,0.9935752648879128,12,2020.7499540438075
Rio Verde de Mato Grosso,valor_agropecuaria,0.000316699131679872,0.0005052263696549909,0.5506488434544834,0.08836448898325008,0.995911532201399,0.9935752648879128,12,2020.7499540438075
Rio Verde de Mato Grosso,valor_industria,-0.0010016058219151358,0.0017521790725476207,0.5854486461807327,-0.05237018618693705,0.995911532201399,0.9935752648879128,12,2020.7499540438075
Santo Antônio do Leverger,pib_per_capita,0.01570009282808066,0.0032768023202208872,0.0019861842050865456,1.0539107729998616,0.9947202169753713,0.9917031981041549,12,1582.3074904169116
Santo Antônio do Leverger,valor_administracao_publica,0.0040434816422693295,0.0005262102541543616,0.00011777553833030398,0.6484760957533338,0.9947202169753713,0.9917031981041549,12,1582.3074904169116
Santo Antônio do Leverger,valor_agropecuaria,-0.0010855195216391018,0.0001710686380788499,0.00038688418064850125,-0.812765547023435,0.9947202169753713,0.9917031981041549,12,1582.3074904169116
Santo Antônio do Leverger,valor_industria,-0.00017366492106626885,0.0010682803799102406,0.875454327029306,-0.015610698017318434,0.9947202169753713,0.9917031981041549,12,1582.3074904169116
Sonora,pib_per_capita,-0.00048038347715146507,0.0019304005324940244,0.8106190018305007,-0.14272893870227968,0.9274790336235212,0.8860384814083906,12,428.15381960171857
Sonora,valor_administracao_publica,0.0007833014111087947,0.00032950624999221554,0.04908394926563478,0.9842157876995646,0.9274790336235212,0.8860384814083906,12,428.15381960171857
Sonora,valor_agropecuaria,4.675209448412598e-06,0.00012478363502512176,0.9711591259080251,0.015453066393017571,0.9274790336235212,0.8860384814083906,12,428.15381960171857
Sonora,valor_industria,6.590837886821105e-05,0.0002001952820485662,0.7516203535350097,0.10329858269662608,0.9274790336235212,0.8860384814083906,12,428.15381960171857
